name,disciplines,plus_options,plans,min_plan,district,street,link,metadata,latitude,longitude,description
all inclusive Fitness Coburg,"['Fitness', 'Functional Training']",False,"['Essential', 'Classic', 'Premium', 'Max']",Essential,Coburg,Hahnweg 4,https://urbansportsclub.com//en/venues/jumpers-coburg,"{'@context': 'http://schema.org', '@type': 'LocalBusiness', 'name': 'all inclusive Fitness Coburg', 'description': 'Ich packe meinen Koffer und nehme mit: meine Sportsachen – und meine Urban Sports Club-App. Und schon geht&#039;s los! Als Urban Sports Mitglied kannst du in allen jumpers Standorten in Deutschland einchecken. Ob du deine Oma in Hessen besuchst, auf Geschäftsreise in Baden-Württemberg bist oder Urlaub in Bayern, Rheinland-Pfalz oder dem Saarland machst: Auf dein Sportprogramm musst du nicht verzichten. Alle Jumpers Studios bieten dir Kraft- und Ausdauertraining. Genauso steht dir aber auch Functional- oder Zirkeltraining zur Verfügung. Du möchtest mehr erfahren über das volle Angebot im Jumpers Studio deiner Wahl? Dann folge dem link zur Jumpers-website. Deine Urban Sports Club Mitgliedschaft entspricht den Angeboten des Jumpers Premium-Pakets (ausgenommen Cardio Scan). Das Jumpers Team freut sich bereits auf deinen Besuch!', 'address': {'@type': 'PostalAddress', 'addressLocality': 'Coburg, Germany', 'addressCountry': 'Germany', 'postalCode': '96450', 'streetAddress': 'Hahnweg 4'}, 'telephone': '+44 15792613139', 'geo': {'@type': 'GeoCoordinates', 'latitude': '50.2641237', 'longitude': '10.96886'}, 'priceRange': '-', 'image': 'https://storage.googleapis.com/download/storage/v1/b/usc-pro-uscweb-live-media/o/de-live%2Foriginal_1200x675_wm2kikaejqriwollb7ft_1722859096334337.png?generation=1722859096390999&amp;alt=media'}",50.2641237,10.96886,"Ich packe meinen Koffer und nehme mit: meine Sportsachen – und meine Urban Sports Club-App. Und schon geht&#039;s los! Als Urban Sports Mitglied kannst du in allen jumpers Standorten in Deutschland einchecken. Ob du deine Oma in Hessen besuchst, auf Geschäftsreise in Baden-Württemberg bist oder Urlaub in Bayern, Rheinland-Pfalz oder dem Saarland machst: Auf dein Sportprogramm musst du nicht verzichten. Alle Jumpers Studios bieten dir Kraft- und Ausdauertraining. Genauso steht dir aber auch Functional- oder Zirkeltraining zur Verfügung. Du möchtest mehr erfahren über das volle Angebot im Jumpers Studio deiner Wahl? Dann folge dem link zur Jumpers-website. Deine Urban Sports Club Mitgliedschaft entspricht den Angeboten des Jumpers Premium-Pakets (ausgenommen Cardio Scan). Das Jumpers Team freut sich bereits auf deinen Besuch!"
Sportland Coburg,"['Cycling', 'Fitness', 'Functional Training', 'Pilates', 'Yoga']",False,"['Classic', 'Premium', 'Max']",Classic,Coburg,Ziegelei 10,https://urbansportsclub.com//en/venues/sportland-coburg,"{'@context': 'http://schema.org', '@type': 'LocalBusiness', 'name': 'Sportland Coburg', 'description': 'Sportland Coburg freut sich auf Dich!', 'address': {'@type': 'PostalAddress', 'addressLocality': 'Coburg, Germany', 'addressCountry': 'Germany', 'postalCode': '96487', 'streetAddress': 'Ziegelei 10'}, 'telephone': '', 'geo': {'@type': 'GeoCoordinates', 'latitude': '50.2850902', 'longitude': '11.0035496'}, 'priceRange': '-', 'image': 'https://storage.googleapis.com/download/storage/v1/b/usc-pro-uscweb-live-media/o/de-live%2Foriginal_1686x948_fitnesscompressed_1606125563879389_admin.jpg?alt=media'}",50.2850902,11.0035496,Sportland Coburg freut sich auf Dich!
Fair Fitness Neustadt bei Coburg,"['Fitness', 'Yoga']",False,"['Essential', 'Classic', 'Premium', 'Max']",Essential,Neustadt bei Coburg,Wallstraße 11a,https://urbansportsclub.com//en/venues/fair-fitness-neustadt-bei-coburg-1,"{'@context': 'http://schema.org', '@type': 'LocalBusiness', 'name': 'Fair Fitness Neustadt bei Coburg', 'description': '', 'address': {'@type': 'PostalAddress', 'addressLocality': 'Coburg, Germany', 'addressCountry': 'Germany', 'postalCode': '96465', 'streetAddress': 'Wallstraße 11a'}, 'telephone': '+44 95689598790', 'geo': {'@type': 'GeoCoordinates', 'latitude': '50.3260559', 'longitude': '11.1223212'}, 'priceRange': '-', 'image': 'https://storage.googleapis.com/download/storage/v1/b/usc-pro-uscweb-live-media/o/de-live%2Foriginal_141x79_scoqcnclxorjcgfeueda_1726842770869390.png?generation=1726842771047963&amp;alt=media'}",50.3260559,11.1223212,
Kur- und Reiseverkehr Bad Tabarz kAöR,"['Aqua', 'Swimming']",False,"['Classic', 'Premium', 'Max']",Classic,Coburg,Schwimmbadweg 10,https://urbansportsclub.com//en/venues/tabbs-vital-schwimmbad,"{'@context': 'http://schema.org', '@type': 'LocalBusiness', 'name': 'Kur- und Reiseverkehr Bad Tabarz kAöR', 'description': 'Tabbs Vital Schwimmbad / Tabbs Vital Fitnessstudio freut sich auf dich!', 'address': {'@type': 'PostalAddress', 'addressLocality': 'Coburg, Germany', 'addressCountry': 'Germany', 'postalCode': '99891', 'streetAddress': 'Schwimmbadweg 10'}, 'telephone': '', 'geo': {'@type': 'GeoCoordinates', 'latitude': '50.8785399', 'longitude': '10.5220533'}, 'priceRange': '-', 'image': 'https://storage.googleapis.com/download/storage/v1/b/usc-pro-uscweb-live-media/o/de-live%2Foriginal_1688x950_SchwimmenCompressed_1579695304926309_admin.jpg?alt=media'}",50.8785399,10.5220533,Tabbs Vital Schwimmbad / Tabbs Vital Fitnessstudio freut sich auf dich!
Med Fit - Aktiv,['Fitness'],False,"['Classic', 'Premium', 'Max']",Classic,Coburg,Bamberger Str. 42,https://urbansportsclub.com//en/venues/med-fit-aktiv,"{'@context': 'http://schema.org', '@type': 'LocalBusiness', 'name': 'Med Fit - Aktiv', 'description': 'Med Fit- Aktiv freut sich auf Dich!', 'address': {'@type': 'PostalAddress', 'addressLocality': 'Coburg, Germany', 'addressCountry': 'Germany', 'postalCode': '96231', 'streetAddress': 'Bamberger Str. 42'}, 'telephone': '+49 9573 3319897', 'geo': {'@type': 'GeoCoordinates', 'latitude': '50.098866', 'longitude': '10.9932102'}, 'priceRange': '-', 'image': 'https://storage.googleapis.com/download/storage/v1/b/usc-pro-uscweb-live-media/o/de-live%2Foriginal_1024x576_PL_SS525206536_Ball-Beine_1565606340173039_admin.jpg?alt=media'}",50.098866,10.9932102,Med Fit- Aktiv freut sich auf Dich!
AquaRiese Bad Staffelstein,['Swimming'],False,"['Essential', 'Classic', 'Premium', 'Max']",Essential,Bad Staffelstein,Seestraße 3,https://urbansportsclub.com//en/venues/aquariese-bad-staffelstein,"{'@context': 'http://schema.org', '@type': 'LocalBusiness', 'name': 'AquaRiese Bad Staffelstein', 'description': '', 'address': {'@type': 'PostalAddress', 'addressLocality': 'Coburg, Germany', 'addressCountry': 'Germany', 'postalCode': '96231', 'streetAddress': 'Seestraße 3'}, 'telephone': '', 'geo': {'@type': 'GeoCoordinates', 'latitude': '50.1135572', 'longitude': '10.981741'}, 'priceRange': '-', 'image': 'https://storage.googleapis.com/download/storage/v1/b/usc-pro-uscweb-live-media/o/de-live%2Foriginal_640x360_hvolqeslre7nb0nsmbra_1741606198796473.png?generation=1741606198887998&amp;alt=media'}",50.1135572,10.981741,
Fitomat Sonnefeld,['Fitness'],False,"['Essential', 'Classic', 'Premium', 'Max']",Essential,Coburg,Frohnlacher Straße 5,https://urbansportsclub.com//en/venues/fitomat-sonnefeld,"{'@context': 'http://schema.org', '@type': 'LocalBusiness', 'name': 'Fitomat Sonnefeld', 'description': '', 'address': {'@type': 'PostalAddress', 'addressLocality': 'Coburg, Germany', 'addressCountry': 'Germany', 'postalCode': '96242, Sonnefeld -', 'streetAddress': 'Frohnlacher Straße 5'}, 'telephone': '+44 15228767782', 'geo': {'@type': 'GeoCoordinates', 'latitude': '50.2192808', 'longitude': '11.1227443'}, 'priceRange': '-', 'image': 'https://storage.googleapis.com/download/storage/v1/b/usc-pro-uscweb-live-media/o/venues%2Foriginal_640x360_cntm7ca2phklnsgeu40s_1756451250716446.png?generation=1756451250840216&amp;alt=media'}",50.2192808,11.1227443,
Hallenbad Gemeindeteil Michelau i.OFr.,['Swimming'],False,"['Essential', 'Classic', 'Premium', 'Max']",Essential,Michelau in Oberfranken,Bachstraße 32,https://urbansportsclub.com//en/venues/hallenbad-gemeindeteil-michelau-iofr,"{'@context': 'http://schema.org', '@type': 'LocalBusiness', 'name': 'Hallenbad Gemeindeteil Michelau i.OFr.', 'description': '', 'address': {'@type': 'PostalAddress', 'addressLocality': 'Coburg, Germany', 'addressCountry': 'Germany', 'postalCode': '96247', 'streetAddress': 'Bachstraße 32'}, 'telephone': '', 'geo': {'@type': 'GeoCoordinates', 'latitude': '50.1641602', 'longitude': '11.1169385'}, 'priceRange': '-', 'image': 'https://storage.googleapis.com/download/storage/v1/b/usc-pro-uscweb-live-media/o/de-live%2Foriginal_640x360_wmpqi15zijxymxogqec2_1741602335498141.png?generation=1741602335582884&amp;alt=media'}",50.1641602,11.1169385,
